,sentiment_value,total_pnl,win_rate,total_volume_usd
sentiment_value,1.0,-0.08264200129021669,0.15248517677443094,-0.2643713973011387
total_pnl,-0.08264200129021669,1.0,0.1705109172395366,0.3254469665240966
win_rate,0.15248517677443094,0.1705109172395366,1.0,0.04626206579987117
total_volume_usd,-0.2643713973011387,0.3254469665240966,0.04626206579987117,1.0
